ITEM_NAME,DESCRIPTION,REMARK_1,QTY,UNIT_PRICE/USD,AMOUNT
ASW1100452,5 Styles Funko POP Demon Slayer: Kimetsu no Yaiba Tanjirou /Nezuko/Zenitsu/Inosuke Model Toy PVC Anime Figure,Color:2,3,3.69,11.07
ASYYF00041,29 Styles Demon Slayer :Kimetsu no Yaiba Character Cosplay Haori Cloak  Anime Long Kimono Children and Adult,"Size:2XL
Color:4",3,5.23,15.690000000000001
ASW0800102,Funko POP Dragon Ball Z Vegeta Blue Hair Cartoon Cute Japanese Anime Figure 156#,,6,3.32,19.919999999999998
ASF0700270,Funko POP One Piece 327# Roronoa Zoro Model Toys Anime PVC Figure,,5,3.54,17.7
ASF0700268,Funko POP One Piece Monkey·D·Luffy Anime Figures,,5,3.38,16.9
ASTJM00047,4 Sizes Lilo & Stitch Cartoon Anime Plush Toy Doll,Size:28cm,3,3.54,10.620000000000001
ASJBL00010,23cm Sonic the Hedgehog Cartoon Anime Plush Toy Doll,,3,3.31,9.93
ASHYD00028,9 Styles Lilo & Stitch Cartoon Stainless Steel Dog Tag Anime Keychain,Model:1,5,1.35,6.75
ASW0700001,5 Styles Funko POP Sonic 283# 284# 285# 287# 288# Anime PVC Figure Toys,Color:2,3,5.54,16.62
ASW0800003,Beauty and the Beast 10CM Funko POP Anime Figure PVC Toys With Box #221,,6,4.24,25.44
ASW0800051,Funko POP Disney Ariel Movie Anime Cartoon Figure #27,,6,3.32,19.919999999999998
ASW0800004,Funko POP Disney Rapunzel POP 10CM PVC Toys Anime Figure #223,,6,4.24,25.44
ASQHG00011,300ML Sonic The Hedgehog Cartoon Anime Ceramic Cup,,3,5.48,16.44
ASQ0100225,28CM Sonic the Hedgehog Game Cosplay Cartoon For Adult Indoor Anime Plush Slipper,,5,4.69,23.450000000000003
ASJ0805265,2 Styles 27cm Super Mario Bro Anime Plush Slipper Cosplay Cartoon For Adult Home Decor,Color:Red 红色,5,4.06,20.299999999999997
ASOTM00019,4 Styles Naruto Dragon Ball Z Batman Cartoon Anime Plush Slippers,Color:4,3,4.31,12.93
ASM0700276,2 Color 40CM Dragon Ball Z Goku Cartoon Cosplay Stuffed Doll Anime Plush Toy,Color:Yellow 黄色,3,5.38,16.14
ASM0700276,2 Color 40CM Dragon Ball Z Goku Cartoon Cosplay Stuffed Doll Anime Plush Toy,Color:Blue 蓝色,3,5.38,16.14
ASYLS00002,6 Sizes One Piece Monkey D Luffy Cartoon Anime Plush Toy Doll,Size:30cm,3,5,15
ASYXW00264,10PCS/SET 4-5.8cm Lilo & Stitch Cartoon Blind Box Anime PVC Figure Toy,,2,4,8
ASGBD00001,64 Styles Hippers Sonny Angel Capybara Sanrio Lilo & Stitch Disney Mofusand Pikachu Smiski Blind Box Anime Figures,Color:9,5,5.77,28.849999999999998
ASGBD00001,64 Styles Hippers Sonny Angel Capybara Sanrio Lilo & Stitch Disney Mofusand Pikachu Smiski Blind Box Anime Figures,Color:62,5,7.07,35.35
ASJLW00023,19 Styles Lilo & Stitch Cartoon Surprise Blind Box Anime PVC Figure,Color:10,3,6.84,20.52
ASJ0805786,28cm The Nightmare Before Christmas Cartoon Anime Plush Slipper,,5,3.92,19.6
ASYTW00024,7PCS/SET 20CM Demon Slayer: Kimetsu no Yaiba Cartoon Character Doll Anime Plush Toy For Gift,,5,14.76,73.8
ASBHJ00013,2 Styles 301-400ML Unicorn Cartoon Anime Ceramic 3D Mug,Style:2,5,3.46,17.3
ASRXB00082,11 Styles Barbie Surprise Blind Box Anime Diy Bracelet,Model:2,2,15.23,30.46
ASRXB00094,8 Styles Paw Patrol Snow Slide Anime PVC Figures,Color:7,2,2.55,5.1
ASRXB00094,8 Styles Paw Patrol Snow Slide Anime PVC Figures,Color:6,2,2.55,5.1
ASRXB00094,8 Styles Paw Patrol Snow Slide Anime PVC Figures,Color:5,2,2.55,5.1
ASRXB00094,8 Styles Paw Patrol Snow Slide Anime PVC Figures,Color:4,2,2.55,5.1
ASRXB00094,8 Styles Paw Patrol Snow Slide Anime PVC Figures,Color:1,2,2.55,5.1
ASWS058364,Gonggi Traditional Korean Tossing Game Gonggi Squid Tossing Stone Catching Game Hand Eye Coordination Training Toy,Color:2,3,1.61,4.83
ASWS058364,Gonggi Traditional Korean Tossing Game Gonggi Squid Tossing Stone Catching Game Hand Eye Coordination Training Toy,Color:1,3,1.61,4.83
ASWS057237,Squid Game/Round Six  Assemble Anime Building Blocks,,5,3.23,16.15
ASWS057238,Squid Game/Round Six Anime Building Blocks (8pcs/set),,5,5.08,25.4
ASQ1418267,2 Style Squid Game/Round Six Cartoon Character Anime Backpack Bag,Design:1,2,6.31,12.62
ASQHG00006,3 Styles 300-400ML SpongeBob SquarePants Cartoon Anime Ceramic Cup,Style:3,2,5.76,11.52
ASHXX00112,Roblox Cartoon School Bag Anime Backpack+Pencil Bag,,3,7.54,22.62
ASHXX00102,Roblox Cartoon School Bag Anime Backpack+Pencil Bag,,3,7.54,22.62
ASQHG00037,3 Styles 250-350ML Pokemon Cartoon Anime Ceramic Cup Mug,Style:3,2,5.06,10.12
ASQHG00042,500-600ML One Piece Cartoon Anime Ceramic Cup Mug,Style:1,5,5.08,25.4
ASQHG00044,3 Styles 300-400ML Dragon Ball Z Cartoon Anime Ceramic Cup Mug,Style:3,3,5.08,15.24
ASQHG00006,3 Styles 300-400ML SpongeBob SquarePants Cartoon Anime Ceramic Cup,Style:2,3,5.76,17.28
ASQHG00006,3 Styles 300-400ML SpongeBob SquarePants Cartoon Anime Ceramic Cup,Style:1,3,5.76,17.28
ASQHG00017,10 Styles 300-400ML The Avengers Spider Man Deadpool Batman Iron Man Cartoon Anime Ceramic Cup,Style:3,3,4.15,12.450000000000001
ASQHG00004,300ML 5 Styles The Legend Of Zelda Super Mario Bro Minecraft Cartoon Anime Ceramic Cup,Style:3,3,5.84,17.52
ASWS04085,Lilo & Stitch Cartoon Kawaii Indoor Shoes Warm Anime Plush Slipper,,5,4.77,23.849999999999998
ASWS057702,10CM Lilo & Stitch Cartoon Anime Mug Water Cup,,4,5.08,20.32
ASYBM00139,4 Styles Lilo & Stitch Cartoon PVC Anime Figures Keychain,Color:1,5,0.85,4.25
ASYBM00178,4 Styles Lilo & Stitch Cartoon PVC Anime Figures Keychain,Color:4,5,1,5
ASBKD00006,2 Styles 36pcs/set  Lilo & Stitch Playing English Ver Anime Game Card,Color:1,5,2.38,11.899999999999999
ASBKD00006,2 Styles 36pcs/set  Lilo & Stitch Playing English Ver Anime Game Card,Color:2,5,2.38,11.899999999999999
ASYFW00126,5 Styles 16pcs/set Sanrio Lilo & Stitch Cartoon Anime Notebook Set,Model:2,5,8.15,40.75
ASXED00071,8pcs/set  Lilo & Stitch Cartoon Anime A5 Notebook Stationery,,5,2.61,13.049999999999999
ASXED00072,24pcs/set  Lilo & Stitch Cartoon Stationery Anime Erasers Set,,5,17.84,89.2
ASHBT00028,5 Styles Lilo & Stitch SSR Paper Anime Mystery Surprise Box Playing Card,Model:1,5,11.04,55.199999999999996
ASWJX00335,8 Styles Lilo & Stitch Cartoon Anime Backpack Bag,Design:1,5,2.85,14.25
ASJ0805238,18*15*14cm Lilo & Stitch Two Sides Cartoon Character Anime Plush Toy Doll,,5,2.49,12.450000000000001
ASJ0800960,Lilo Stitch Anime Plush Slipper(28*13cm),,5,3.66,18.3
ASJ0805224,22/28CM Lilo & Stitch For Adult Kid Indoors Anime Plush Slipper,Size:28cm,5,4.77,23.849999999999998
ASC0901917,Lilo & Stitch Cosplay Cartoon For Kids Gift Doll Anime Plush Toy Pendant (10pcs/set),,5,9.9,49.5
ASYFW00186,10pcs/set 11 Styles Lilo & Stitch Sanrio My Melody POP MART Labubu Cartoon Anime Penknife Pen Stationery,Model:8,5,3.54,17.7
ASLZW00006,12 Styles Disney Lilo & Stitch Spider-Man Cartoon Anime PWater Color Pen Stationery,Model:1,5,1.38,6.8999999999999995
ASX0600005,20cm Lilo & Stitch Anime PVC Figures,,5,5.15,25.75
ASF0602255,Lilo & Stitch Cartoon Anime Alloy Bracelet,,5,2.38,11.899999999999999
ASMYZ02783,12 Styles Lilo & Stitch Cartoon Anime Backpack Bag,Design:9,5,5.17,25.85
ASMYZ02783,12 Styles Lilo & Stitch Cartoon Anime Backpack Bag,Design:4,5,5.17,25.85
ASMYZ02783,12 Styles Lilo & Stitch Cartoon Anime Backpack Bag,Design:5,5,5.17,25.85
ASYPC00001,4 Styles Lilo & Stitch Cartoon Anime Ceramic Bowl Plate Tableware,Style:6,5,3.84,19.2
ASYPC00002,（With Spoon）2 Styles 500ML Lilo & Stitch Cartoon Anime Ceramic Cup Coffee Mug Tableware,Style:2,5,4.92,24.6
ASYPC00002,（With Spoon）2 Styles 500ML Lilo & Stitch Cartoon Anime Ceramic Cup Coffee Mug Tableware,Style:1,5,4.92,24.6
ASYPC00004,2 Styles 500ML Lilo & Stitch Cartoon Anime Ceramic Cup Coffee Mug Tableware,Style:2,5,5.31,26.549999999999997
ASYPC00004,2 Styles 500ML Lilo & Stitch Cartoon Anime Ceramic Cup Coffee Mug Tableware,Style:1,5,5.31,26.549999999999997
ASWS059836,20cm 5 Styles Lilo & Stitch Cartoon Anime PVC Figures,Color:4,5,3.84,19.2
ASWS059836,20cm 5 Styles Lilo & Stitch Cartoon Anime PVC Figures,Color:1,5,3.84,19.2
